<?xml version="1.0" encoding="utf-8"?>
<fluxDistributionCollection>
   <listOfFluxDistributions>
      <fluxDistribution id="01_Biomass" name="01_Biomass" networkId="test_model">
         <listOfFluxes>
            <flux fluxValue="0.0062053" id="R_4PCP" type="nodeFlux"/>
            <flux fluxValue="0.0062053" id="R_4PEPTabcpp" type="nodeFlux"/>
            <flux fluxValue="0.0062053" id="R_4PEPTtex" type="nodeFlux"/>
            <flux fluxValue="0.028507" id="R_AACPS3" type="nodeFlux"/>
            <flux fluxValue="0.0336" id="R_AACPS4" type="nodeFlux"/>
            <flux fluxValue="2.6912" id="R_ACALD" type="nodeFlux"/>
            <flux fluxValue="-6.3668" id="R_ACKr" type="nodeFlux"/>
            <flux fluxValue="-6.3668" id="R_ACt2rpp" type="nodeFlux"/>
            <flux fluxValue="-6.3668" id="R_ACtex" type="nodeFlux"/>
            <flux fluxValue="0.00014944" id="R_ADCL" type="nodeFlux"/>
            <flux fluxValue="0.00014944" id="R_ADCS" type="nodeFlux"/>
            <flux fluxValue="0.19231" id="R_ADD" type="nodeFlux"/>
            <flux fluxValue="0.17071" id="R_ADK1" type="nodeFlux"/>
            <flux fluxValue="0.04555" id="R_ADNK1" type="nodeFlux"/>
            <flux fluxValue="0.045699" id="R_ADNt2rpp" type="nodeFlux"/>
            <flux fluxValue="0.045699" id="R_ADNtex" type="nodeFlux"/>
            <flux fluxValue="0.014254" id="R_AGPAT160" type="nodeFlux"/>
            <flux fluxValue="0.0168" id="R_AGPAT161" type="nodeFlux"/>
            <flux fluxValue="9.9625e-005" id="R_AHCYSNS" type="nodeFlux"/>
            <flux fluxValue="0.053856" id="R_AKGDH" type="nodeFlux"/>
            <flux fluxValue="0.1518" id="R_AKGt2rpp" type="nodeFlux"/>
            <flux fluxValue="0.1518" id="R_AKGtex" type="nodeFlux"/>
            <flux fluxValue="0.0015513" id="R_ALAALAabcpp" type="nodeFlux"/>
            <flux fluxValue="0.004654" id="R_ALAALAr" type="nodeFlux"/>
            <flux fluxValue="0.0015513" id="R_ALAALAtex" type="nodeFlux"/>
            <flux fluxValue="-0.11475" id="R_ALATA_L" type="nodeFlux"/>
            <flux fluxValue="0.02059" id="R_AMPTASECG" type="nodeFlux"/>
            <flux fluxValue="9.9625e-005" id="R_APRAUR" type="nodeFlux"/>
            <flux fluxValue="0.066052" id="R_ARGORNt7pp" type="nodeFlux"/>
            <flux fluxValue="0.066052" id="R_ARGtex" type="nodeFlux"/>
            <flux fluxValue="0.053856" id="R_ASNt2rpp" type="nodeFlux"/>
            <flux fluxValue="0.053856" id="R_ASNtex" type="nodeFlux"/>
            <flux fluxValue="-0.053856" id="R_ASPTA" type="nodeFlux"/>
            <flux fluxValue="0.0010581" id="R_CA2tex" type="nodeFlux"/>
            <flux fluxValue="-0.0010581" id="R_CAt6pp" type="nodeFlux"/>
            <flux fluxValue="0.00053364" id="R_CDPMEK" type="nodeFlux"/>
            <flux fluxValue="0.02059" id="R_CGLYabcpp" type="nodeFlux"/>
            <flux fluxValue="0.00019925" id="R_CHORS" type="nodeFlux"/>
            <flux fluxValue="4.9812e-005" id="R_CHRPL" type="nodeFlux"/>
            <flux fluxValue="0.00052906" id="R_CLt3_2pp" type="nodeFlux"/>
            <flux fluxValue="0.0010581" id="R_CLtex" type="nodeFlux"/>
            <flux fluxValue="-3.7745" id="R_CO2tex" type="nodeFlux"/>
            <flux fluxValue="-3.7745" id="R_CO2tpp" type="nodeFlux"/>
            <flux fluxValue="0.00070542" id="R_COBALT2tex" type="nodeFlux"/>
            <flux fluxValue="0.00070542" id="R_COBALT2tpp" type="nodeFlux"/>
            <flux fluxValue="4.9812e-005" id="R_CPPPGO" type="nodeFlux"/>
            <flux fluxValue="0.00017635" id="R_CU1Opp" type="nodeFlux"/>
            <flux fluxValue="0.00070542" id="R_CU2tpp" type="nodeFlux"/>
            <flux fluxValue="0.00070542" id="R_CUtex" type="nodeFlux"/>
            <flux fluxValue="11.2211" id="R_CYTBO3_4pp" type="nodeFlux"/>
            <flux fluxValue="0.032188" id="R_CYTD" type="nodeFlux"/>
            <flux fluxValue="0.035856" id="R_CYTDK2" type="nodeFlux"/>
            <flux fluxValue="0.068044" id="R_CYTDt2pp" type="nodeFlux"/>
            <flux fluxValue="0.068044" id="R_CYTDtex" type="nodeFlux"/>
            <flux fluxValue="0.067572" id="R_CYTK1" type="nodeFlux"/>
            <flux fluxValue="0.19206" id="R_DADNt2pp" type="nodeFlux"/>
            <flux fluxValue="0.19206" id="R_DADNtex" type="nodeFlux"/>
            <flux fluxValue="0.0031027" id="R_DALAt2pp" type="nodeFlux"/>
            <flux fluxValue="0.014254" id="R_DASYN160" type="nodeFlux"/>
            <flux fluxValue="0.0168" id="R_DASYN161" type="nodeFlux"/>
            <flux fluxValue="0.00019925" id="R_DB4PS" type="nodeFlux"/>
            <flux fluxValue="2.4991" id="R_DCYTD" type="nodeFlux"/>
            <flux fluxValue="2.4991" id="R_DCYTt2pp" type="nodeFlux"/>
            <flux fluxValue="2.4991" id="R_DCYTtex" type="nodeFlux"/>
            <flux fluxValue="0.00014944" id="R_DHFR" type="nodeFlux"/>
            <flux fluxValue="0.00014944" id="R_DHFS" type="nodeFlux"/>
            <flux fluxValue="0.00014944" id="R_DHNPA2" type="nodeFlux"/>
            <flux fluxValue="9.9625e-005" id="R_DHPPDA2" type="nodeFlux"/>
            <flux fluxValue="0.00014944" id="R_DHPS2" type="nodeFlux"/>
            <flux fluxValue="9.9625e-005" id="R_DHPTDCs" type="nodeFlux"/>
            <flux fluxValue="6.2098e-005" id="R_DMATT" type="nodeFlux"/>
            <flux fluxValue="6.2098e-005" id="R_DMPPS" type="nodeFlux"/>
            <flux fluxValue="9.9625e-005" id="R_DM_HMFURN" type="nodeFlux"/>
            <flux fluxValue="0.00014944" id="R_DNMPPA" type="nodeFlux"/>
            <flux fluxValue="0.00014944" id="R_DNTPPA" type="nodeFlux"/>
            <flux fluxValue="0.00012866" id="R_DPCOAK" type="nodeFlux"/>
            <flux fluxValue="2.6912" id="R_DRPA" type="nodeFlux"/>
            <flux fluxValue="0.0058457" id="R_DTMPK" type="nodeFlux"/>
            <flux fluxValue="2.4991" id="R_DURIPP" type="nodeFlux"/>
            <flux fluxValue="0.00053364" id="R_DXPRIi" type="nodeFlux"/>
            <flux fluxValue="0.00058345" id="R_DXPS" type="nodeFlux"/>
            <flux fluxValue="4.9812e-005" id="R_E4PD" type="nodeFlux"/>
            <flux fluxValue="3.8096" id="R_ENO" type="nodeFlux"/>
            <flux fluxValue="-0.0062053" id="R_EX_LalaDgluMdapDala_LPAREN_e_RPAREN_" type="nodeFlux"/>
            <flux fluxValue="-0.045699" id="R_EX_adn_LPAREN_e_RPAREN_" type="nodeFlux"/>
            <flux fluxValue="-0.1518" id="R_EX_akg_LPAREN_e_RPAREN_" type="nodeFlux"/>
            <flux fluxValue="-0.0015513" id="R_EX_alaala_LPAREN_e_RPAREN_" type="nodeFlux"/>
            <flux fluxValue="-0.066052" id="R_EX_arg_L_LPAREN_e_RPAREN_" type="nodeFlux"/>
            <flux fluxValue="-0.053856" id="R_EX_asn_L_LPAREN_e_RPAREN_" type="nodeFlux"/>
            <flux fluxValue="-0.0010581" id="R_EX_ca2_LPAREN_e_RPAREN_" type="nodeFlux"/>
            <flux fluxValue="-0.0010581" id="R_EX_cl_LPAREN_e_RPAREN_" type="nodeFlux"/>
            <flux fluxValue="-0.00070542" id="R_EX_cobalt2_LPAREN_e_RPAREN_" type="nodeFlux"/>
            <flux fluxValue="-0.00070542" id="R_EX_cu_LPAREN_e_RPAREN_" type="nodeFlux"/>
            <flux fluxValue="-0.068044" id="R_EX_cytd_LPAREN_e_RPAREN_" type="nodeFlux"/>
            <flux fluxValue="-0.19206" id="R_EX_dad_2_LPAREN_e_RPAREN_" type="nodeFlux"/>
            <flux fluxValue="-2.4991" id="R_EX_dcyt_LPAREN_e_RPAREN_" type="nodeFlux"/>
            <flux fluxValue="-4.9812e-005" id="R_EX_f6p_LPAREN_e_RPAREN_" type="nodeFlux"/>
            <flux fluxValue="-0.0032742" id="R_EX_fe2_LPAREN_e_RPAREN_" type="nodeFlux"/>
            <flux fluxValue="-0.07938" id="R_EX_g3ps_LPAREN_e_RPAREN_" type="nodeFlux"/>
            <flux fluxValue="-0.012411" id="R_EX_gam6p_LPAREN_e_RPAREN_" type="nodeFlux"/>
            <flux fluxValue="-0.11615" id="R_EX_gly_LPAREN_e_RPAREN_" type="nodeFlux"/>
            <flux fluxValue="-1.0707" id="R_EX_glyc3p_LPAREN_e_RPAREN_" type="nodeFlux"/>
            <flux fluxValue="-0.054332" id="R_EX_gsn_LPAREN_e_RPAREN_" type="nodeFlux"/>
            <flux fluxValue="-0.02059" id="R_EX_gthrd_LPAREN_e_RPAREN_" type="nodeFlux"/>
            <flux fluxValue="3.4563" id="R_EX_h_LPAREN_e_RPAREN_" type="nodeFlux"/>
            <flux fluxValue="-0.028507" id="R_EX_hdca_LPAREN_e_RPAREN_" type="nodeFlux"/>
            <flux fluxValue="-0.0336" id="R_EX_hdcea_LPAREN_e_RPAREN_" type="nodeFlux"/>
            <flux fluxValue="-0.021154" id="R_EX_his_L_LPAREN_e_RPAREN_" type="nodeFlux"/>
            <flux fluxValue="-0.06489" id="R_EX_ile_L_LPAREN_e_RPAREN_" type="nodeFlux"/>
            <flux fluxValue="-0.039671" id="R_EX_k_LPAREN_e_RPAREN_" type="nodeFlux"/>
            <flux fluxValue="-0.0043446" id="R_EX_kdo2lipid4_LPAREN_e_RPAREN_" type="nodeFlux"/>
            <flux fluxValue="-0.10067" id="R_EX_leu_L_LPAREN_e_RPAREN_" type="nodeFlux"/>
            <flux fluxValue="-0.076662" id="R_EX_lys_L_LPAREN_e_RPAREN_" type="nodeFlux"/>
            <flux fluxValue="-0.034283" id="R_EX_met_L_LPAREN_e_RPAREN_" type="nodeFlux"/>
            <flux fluxValue="-0.0017635" id="R_EX_mg2_LPAREN_e_RPAREN_" type="nodeFlux"/>
            <flux fluxValue="-9.9625e-005" id="R_EX_mmet_LPAREN_e_RPAREN_" type="nodeFlux"/>
            <flux fluxValue="-0.00070542" id="R_EX_mn2_LPAREN_e_RPAREN_" type="nodeFlux"/>
            <flux fluxValue="-0.00070542" id="R_EX_mobd_LPAREN_e_RPAREN_" type="nodeFlux"/>
            <flux fluxValue="2.4454" id="R_EX_nh4_LPAREN_e_RPAREN_" type="nodeFlux"/>
            <flux fluxValue="-0.00050885" id="R_EX_nmn_LPAREN_e_RPAREN_" type="nodeFlux"/>
            <flux fluxValue="-0.049412" id="R_EX_no2_LPAREN_e_RPAREN_" type="nodeFlux"/>
            <flux fluxValue="-0.039292" id="R_EX_phe_L_LPAREN_e_RPAREN_" type="nodeFlux"/>
            <flux fluxValue="0.95696" id="R_EX_pi_LPAREN_e_RPAREN_" type="nodeFlux"/>
            <flux fluxValue="-0.00012866" id="R_EX_pnto_R_LPAREN_e_RPAREN_" type="nodeFlux"/>
            <flux fluxValue="-0.048897" id="R_EX_pro_L_LPAREN_e_RPAREN_" type="nodeFlux"/>
            <flux fluxValue="-0.00019925" id="R_EX_skm_LPAREN_e_RPAREN_" type="nodeFlux"/>
            <flux fluxValue="-0.00088188" id="R_EX_so4_LPAREN_e_RPAREN_" type="nodeFlux"/>
            <flux fluxValue="-4.9812e-005" id="R_EX_thm_LPAREN_e_RPAREN_" type="nodeFlux"/>
            <flux fluxValue="-0.057229" id="R_EX_thr_L_LPAREN_e_RPAREN_" type="nodeFlux"/>
            <flux fluxValue="-0.0058457" id="R_EX_thymd_LPAREN_e_RPAREN_" type="nodeFlux"/>
            <flux fluxValue="-0.012688" id="R_EX_trp_L_LPAREN_e_RPAREN_" type="nodeFlux"/>
            <flux fluxValue="-0.030803" id="R_EX_tyr_L_LPAREN_e_RPAREN_" type="nodeFlux"/>
            <flux fluxValue="2.4991" id="R_EX_ura_LPAREN_e_RPAREN_" type="nodeFlux"/>
            <flux fluxValue="-0.094532" id="R_EX_val_L_LPAREN_e_RPAREN_" type="nodeFlux"/>
            <flux fluxValue="0.19231" id="R_EX_xan_LPAREN_e_RPAREN_" type="nodeFlux"/>
            <flux fluxValue="-0.00070542" id="R_EX_zn2_LPAREN_e_RPAREN_" type="nodeFlux"/>
            <flux fluxValue="4.9812e-005" id="R_F6Pt6_2pp" type="nodeFlux"/>
            <flux fluxValue="4.9812e-005" id="R_F6Ptex" type="nodeFlux"/>
            <flux fluxValue="0.028507" id="R_FACOAE160" type="nodeFlux"/>
            <flux fluxValue="0.0336" id="R_FACOAE161" type="nodeFlux"/>
            <flux fluxValue="0.028507" id="R_FACOAL160t2pp" type="nodeFlux"/>
            <flux fluxValue="0.0336" id="R_FACOAL161t2pp" type="nodeFlux"/>
            <flux fluxValue="4.9812e-005" id="R_FCLT" type="nodeFlux"/>
            <flux fluxValue="0.0032742" id="R_FE2tex" type="nodeFlux"/>
            <flux fluxValue="0.0016869" id="R_FE2tpp" type="nodeFlux"/>
            <flux fluxValue="0.0015873" id="R_FE3abcpp" type="nodeFlux"/>
            <flux fluxValue="0.00039682" id="R_FEROpp" type="nodeFlux"/>
            <flux fluxValue="0.00044831" id="R_FHL" type="nodeFlux"/>
            <flux fluxValue="0.011881" id="R_FLDR" type="nodeFlux"/>
            <flux fluxValue="4.9812e-005" id="R_FMNAT" type="nodeFlux"/>
            <flux fluxValue="0.053856" id="R_FUM" type="nodeFlux"/>
            <flux fluxValue="0.012411" id="R_G1PACT" type="nodeFlux"/>
            <flux fluxValue="0.000797" id="R_G1SAT" type="nodeFlux"/>
            <flux fluxValue="0.014254" id="R_G3PAT160" type="nodeFlux"/>
            <flux fluxValue="0.0168" id="R_G3PAT161" type="nodeFlux"/>
            <flux fluxValue="1.119" id="R_G3PD2" type="nodeFlux"/>
            <flux fluxValue="0.07938" id="R_G3PStex" type="nodeFlux"/>
            <flux fluxValue="0.012411" id="R_GAM6Pt6_2pp" type="nodeFlux"/>
            <flux fluxValue="0.012411" id="R_GAMAN6Ptex" type="nodeFlux"/>
            <flux fluxValue="3.8096" id="R_GAPD" type="nodeFlux"/>
            <flux fluxValue="0.00014944" id="R_GCALDD" type="nodeFlux"/>
            <flux fluxValue="9.9625e-005" id="R_GHMT2r" type="nodeFlux"/>
            <flux fluxValue="0.054332" id="R_GK1" type="nodeFlux"/>
            <flux fluxValue="0.058942" id="R_GLNS" type="nodeFlux"/>
            <flux fluxValue="-0.26659" id="R_GLUDy" type="nodeFlux"/>
            <flux fluxValue="0.000797" id="R_GLUTRR" type="nodeFlux"/>
            <flux fluxValue="0.000797" id="R_GLUTRS" type="nodeFlux"/>
            <flux fluxValue="0.02059" id="R_GLUt2rpp" type="nodeFlux"/>
            <flux fluxValue="1.15" id="R_GLYC3Pt6pp" type="nodeFlux"/>
            <flux fluxValue="1.0707" id="R_GLYC3Ptex" type="nodeFlux"/>
            <flux fluxValue="-0.00014944" id="R_GLYCLTt2rpp" type="nodeFlux"/>
            <flux fluxValue="-0.00014944" id="R_GLYCLTtex" type="nodeFlux"/>
            <flux fluxValue="0.11615" id="R_GLYt2pp" type="nodeFlux"/>
            <flux fluxValue="0.11615" id="R_GLYtex" type="nodeFlux"/>
            <flux fluxValue="0.07938" id="R_GPDDA3pp" type="nodeFlux"/>
            <flux fluxValue="6.2098e-005" id="R_GRTT" type="nodeFlux"/>
            <flux fluxValue="0.054332" id="R_GSNK" type="nodeFlux"/>
            <flux fluxValue="0.054332" id="R_GSNt2pp" type="nodeFlux"/>
            <flux fluxValue="0.054332" id="R_GSNtex" type="nodeFlux"/>
            <flux fluxValue="0.02059" id="R_GTHRDHpp" type="nodeFlux"/>
            <flux fluxValue="0.02059" id="R_GTHRDtex" type="nodeFlux"/>
            <flux fluxValue="0.00014944" id="R_GTPCI" type="nodeFlux"/>
            <flux fluxValue="9.9625e-005" id="R_GTPCII2" type="nodeFlux"/>
            <flux fluxValue="4.9812e-005" id="R_HBZOPT" type="nodeFlux"/>
            <flux fluxValue="9.9625e-005" id="R_HCYSMT2" type="nodeFlux"/>
            <flux fluxValue="0.028507" id="R_HDCAtexi" type="nodeFlux"/>
            <flux fluxValue="0.0336" id="R_HDCEAtexi" type="nodeFlux"/>
            <flux fluxValue="0.021154" id="R_HISt2rpp" type="nodeFlux"/>
            <flux fluxValue="0.021154" id="R_HIStex" type="nodeFlux"/>
            <flux fluxValue="9.9625e-005" id="R_HMBS" type="nodeFlux"/>
            <flux fluxValue="0.00014944" id="R_HPPK2" type="nodeFlux"/>
            <flux fluxValue="0.19231" id="R_HXAND" type="nodeFlux"/>
            <flux fluxValue="0.00044831" id="R_HYD1pp" type="nodeFlux"/>
            <flux fluxValue="-3.4563" id="R_Htex" type="nodeFlux"/>
            <flux fluxValue="0.06489" id="R_ILEt2rpp" type="nodeFlux"/>
            <flux fluxValue="0.06489" id="R_ILEtex" type="nodeFlux"/>
            <flux fluxValue="0.00047154" id="R_IPDPS" type="nodeFlux"/>
            <flux fluxValue="0.039671" id="R_Kt2pp" type="nodeFlux"/>
            <flux fluxValue="0.039671" id="R_Ktex" type="nodeFlux"/>
            <flux fluxValue="0.10067" id="R_LEUt2rpp" type="nodeFlux"/>
            <flux fluxValue="0.10067" id="R_LEUtex" type="nodeFlux"/>
            <flux fluxValue="0.076662" id="R_LYSt2pp" type="nodeFlux"/>
            <flux fluxValue="0.076662" id="R_LYStex" type="nodeFlux"/>
            <flux fluxValue="0.0031027" id="R_MCTP1App" type="nodeFlux"/>
            <flux fluxValue="0.053856" id="R_MDH" type="nodeFlux"/>
            <flux fluxValue="0.00053364" id="R_MECDPDH2" type="nodeFlux"/>
            <flux fluxValue="0.00053364" id="R_MECDPS" type="nodeFlux"/>
            <flux fluxValue="0.00053364" id="R_MEPCT" type="nodeFlux"/>
            <flux fluxValue="0.00014944" id="R_METAT" type="nodeFlux"/>
            <flux fluxValue="0.034283" id="R_METabcpp" type="nodeFlux"/>
            <flux fluxValue="0.034283" id="R_METtex" type="nodeFlux"/>
            <flux fluxValue="0.0017635" id="R_MG2t3_2pp" type="nodeFlux"/>
            <flux fluxValue="0.0017635" id="R_MG2tex" type="nodeFlux"/>
            <flux fluxValue="9.9625e-005" id="R_MMETt2pp" type="nodeFlux"/>
            <flux fluxValue="9.9625e-005" id="R_MMETtex" type="nodeFlux"/>
            <flux fluxValue="0.00070542" id="R_MN2tpp" type="nodeFlux"/>
            <flux fluxValue="0.00070542" id="R_MNtex" type="nodeFlux"/>
            <flux fluxValue="0.00070542" id="R_MOBDabcpp" type="nodeFlux"/>
            <flux fluxValue="0.00070542" id="R_MOBDtex" type="nodeFlux"/>
            <flux fluxValue="0.0031027" id="R_MPTG" type="nodeFlux"/>
            <flux fluxValue="4.9812e-005" id="R_MTHFC" type="nodeFlux"/>
            <flux fluxValue="4.9812e-005" id="R_MTHFD" type="nodeFlux"/>
            <flux fluxValue="11.3149" id="R_NADH16pp" type="nodeFlux"/>
            <flux fluxValue="9.9848e-005" id="R_NADK" type="nodeFlux"/>
            <flux fluxValue="0.82674" id="R_NADTRHD" type="nodeFlux"/>
            <flux fluxValue="0.11634" id="R_NDPK1" type="nodeFlux"/>
            <flux fluxValue="0.044599" id="R_NDPK2" type="nodeFlux"/>
            <flux fluxValue="0.067572" id="R_NDPK3" type="nodeFlux"/>
            <flux fluxValue="0.0058457" id="R_NDPK4" type="nodeFlux"/>
            <flux fluxValue="0.0060356" id="R_NDPK5" type="nodeFlux"/>
            <flux fluxValue="-2.4454" id="R_NH4tex" type="nodeFlux"/>
            <flux fluxValue="-2.396" id="R_NH4tpp" type="nodeFlux"/>
            <flux fluxValue="0.00050885" id="R_NMNAT" type="nodeFlux"/>
            <flux fluxValue="0.00050885" id="R_NMNPtpp" type="nodeFlux"/>
            <flux fluxValue="0.00050885" id="R_NMNtex" type="nodeFlux"/>
            <flux fluxValue="0.049412" id="R_NO2tex" type="nodeFlux"/>
            <flux fluxValue="0.049412" id="R_NTRIR3pp" type="nodeFlux"/>
            <flux fluxValue="5.6112" id="R_O2tex" type="nodeFlux"/>
            <flux fluxValue="5.6106" id="R_O2tpp" type="nodeFlux"/>
            <flux fluxValue="4.9812e-005" id="R_OCTDPS" type="nodeFlux"/>
            <flux fluxValue="4.9812e-005" id="R_OHPBAT" type="nodeFlux"/>
            <flux fluxValue="4.9812e-005" id="R_OPHBDC" type="nodeFlux"/>
            <flux fluxValue="4.9812e-005" id="R_OPHHX" type="nodeFlux"/>
            <flux fluxValue="0.0062053" id="R_PAPPT3" type="nodeFlux"/>
            <flux fluxValue="3.688" id="R_PDH" type="nodeFlux"/>
            <flux fluxValue="4.9812e-005" id="R_PDX5PO2" type="nodeFlux"/>
            <flux fluxValue="4.9812e-005" id="R_PDX5PS" type="nodeFlux"/>
            <flux fluxValue="0.0092656" id="R_PE160abcpp" type="nodeFlux"/>
            <flux fluxValue="0.010921" id="R_PE161abcpp" type="nodeFlux"/>
            <flux fluxValue="4.9812e-005" id="R_PERD" type="nodeFlux"/>
            <flux fluxValue="-0.012411" id="R_PGAMT" type="nodeFlux"/>
            <flux fluxValue="-3.8096" id="R_PGK" type="nodeFlux"/>
            <flux fluxValue="-3.8096" id="R_PGM" type="nodeFlux"/>
            <flux fluxValue="0.039292" id="R_PHEt2rpp" type="nodeFlux"/>
            <flux fluxValue="0.039292" id="R_PHEtex" type="nodeFlux"/>
            <flux fluxValue="0.218" id="R_PIt2rpp" type="nodeFlux"/>
            <flux fluxValue="-0.95696" id="R_PItex" type="nodeFlux"/>
            <flux fluxValue="9.9625e-005" id="R_PMDPHT" type="nodeFlux"/>
            <flux fluxValue="0.00012866" id="R_PNTK" type="nodeFlux"/>
            <flux fluxValue="0.00012866" id="R_PNTOt4pp" type="nodeFlux"/>
            <flux fluxValue="0.00012866" id="R_PNTOtex" type="nodeFlux"/>
            <flux fluxValue="0.0003985" id="R_PPBNGS" type="nodeFlux"/>
            <flux fluxValue="0.00012866" id="R_PPCDC" type="nodeFlux"/>
            <flux fluxValue="-0.34376" id="R_PPKr" type="nodeFlux"/>
            <flux fluxValue="0.00014944" id="R_PPM" type="nodeFlux"/>
            <flux fluxValue="2.6912" id="R_PPM2" type="nodeFlux"/>
            <flux fluxValue="0.00012866" id="R_PPNCL2" type="nodeFlux"/>
            <flux fluxValue="4.9812e-005" id="R_PPPGO3" type="nodeFlux"/>
            <flux fluxValue="0.048897" id="R_PROt2rpp" type="nodeFlux"/>
            <flux fluxValue="0.048897" id="R_PROtex" type="nodeFlux"/>
            <flux fluxValue="0.00019925" id="R_PSCVT" type="nodeFlux"/>
            <flux fluxValue="0.014254" id="R_PSD160" type="nodeFlux"/>
            <flux fluxValue="0.0168" id="R_PSD161" type="nodeFlux"/>
            <flux fluxValue="0.014254" id="R_PSSA160" type="nodeFlux"/>
            <flux fluxValue="0.0168" id="R_PSSA161" type="nodeFlux"/>
            <flux fluxValue="6.3668" id="R_PTAr" type="nodeFlux"/>
            <flux fluxValue="0.00012866" id="R_PTPATi" type="nodeFlux"/>
            <flux fluxValue="-0.066052" id="R_PTRCORNt7pp" type="nodeFlux"/>
            <flux fluxValue="0.066052" id="R_PTRCt2pp" type="nodeFlux"/>
            <flux fluxValue="0.00014944" id="R_PUNP1" type="nodeFlux"/>
            <flux fluxValue="0.19206" id="R_PUNP2" type="nodeFlux"/>
            <flux fluxValue="3.8032" id="R_PYK" type="nodeFlux"/>
            <flux fluxValue="4.9812e-005" id="R_RBFK" type="nodeFlux"/>
            <flux fluxValue="0.00019925" id="R_RBFSa" type="nodeFlux"/>
            <flux fluxValue="9.9625e-005" id="R_RBFSb" type="nodeFlux"/>
            <flux fluxValue="9.9625e-005" id="R_RHCCE" type="nodeFlux"/>
            <flux fluxValue="0.0060356" id="R_RNDR2" type="nodeFlux"/>
            <flux fluxValue="0.0058457" id="R_RNTR1c" type="nodeFlux"/>
            <flux fluxValue="0.0060356" id="R_RNTR3c" type="nodeFlux"/>
            <flux fluxValue="-4.9812e-005" id="R_RPE" type="nodeFlux"/>
            <flux fluxValue="0.00014944" id="R_RPI" type="nodeFlux"/>
            <flux fluxValue="0.07845" id="R_SERt2rpp" type="nodeFlux"/>
            <flux fluxValue="0.00092946" id="R_SERt4pp" type="nodeFlux"/>
            <flux fluxValue="4.9812e-005" id="R_SHCHD2" type="nodeFlux"/>
            <flux fluxValue="4.9812e-005" id="R_SHCHF" type="nodeFlux"/>
            <flux fluxValue="0.00019925" id="R_SHKK" type="nodeFlux"/>
            <flux fluxValue="0.00019925" id="R_SKMt2pp" type="nodeFlux"/>
            <flux fluxValue="0.00019925" id="R_SKMtex" type="nodeFlux"/>
            <flux fluxValue="0.00088188" id="R_SO4tex" type="nodeFlux"/>
            <flux fluxValue="0.054005" id="R_SUCDi" type="nodeFlux"/>
            <flux fluxValue="-0.053856" id="R_SUCOAS" type="nodeFlux"/>
            <flux fluxValue="0.00088188" id="R_SULabcpp" type="nodeFlux"/>
            <flux fluxValue="0.0058457" id="R_THMDt2pp" type="nodeFlux"/>
            <flux fluxValue="0.0058457" id="R_THMDtex" type="nodeFlux"/>
            <flux fluxValue="4.9812e-005" id="R_THMabcpp" type="nodeFlux"/>
            <flux fluxValue="4.9812e-005" id="R_THMtex" type="nodeFlux"/>
            <flux fluxValue="0.057229" id="R_THRt2rpp" type="nodeFlux"/>
            <flux fluxValue="0.057229" id="R_THRtex" type="nodeFlux"/>
            <flux fluxValue="-4.9812e-005" id="R_TKT2" type="nodeFlux"/>
            <flux fluxValue="0.0058457" id="R_TMDK1" type="nodeFlux"/>
            <flux fluxValue="4.9812e-005" id="R_TMK" type="nodeFlux"/>
            <flux fluxValue="4.9812e-005" id="R_TMPK" type="nodeFlux"/>
            <flux fluxValue="1.119" id="R_TPI" type="nodeFlux"/>
            <flux fluxValue="0.0060356" id="R_TRDR" type="nodeFlux"/>
            <flux fluxValue="0.012688" id="R_TRPt2rpp" type="nodeFlux"/>
            <flux fluxValue="0.012688" id="R_TRPtex" type="nodeFlux"/>
            <flux fluxValue="0.030803" id="R_TYRt2rpp" type="nodeFlux"/>
            <flux fluxValue="0.030803" id="R_TYRtex" type="nodeFlux"/>
            <flux fluxValue="0.0062053" id="R_UAGCVT" type="nodeFlux"/>
            <flux fluxValue="0.012411" id="R_UAGDP" type="nodeFlux"/>
            <flux fluxValue="0.0062053" id="R_UAGPT3" type="nodeFlux"/>
            <flux fluxValue="0.0062053" id="R_UAPGR" type="nodeFlux"/>
            <flux fluxValue="0.0062053" id="R_UDCPDP" type="nodeFlux"/>
            <flux fluxValue="1.2286e-005" id="R_UDCPDPS" type="nodeFlux"/>
            <flux fluxValue="0.0062053" id="R_UGMDDS" type="nodeFlux"/>
            <flux fluxValue="0.0062053" id="R_UM3PL" type="nodeFlux"/>
            <flux fluxValue="0.038394" id="R_UMPK" type="nodeFlux"/>
            <flux fluxValue="4.9812e-005" id="R_UPP3MT" type="nodeFlux"/>
            <flux fluxValue="9.9625e-005" id="R_UPP3S" type="nodeFlux"/>
            <flux fluxValue="4.9812e-005" id="R_UPPDC1" type="nodeFlux"/>
            <flux fluxValue="-2.4991" id="R_URAt2rpp" type="nodeFlux"/>
            <flux fluxValue="-2.4991" id="R_URAtex" type="nodeFlux"/>
            <flux fluxValue="0.032188" id="R_URIK2" type="nodeFlux"/>
            <flux fluxValue="0.094532" id="R_VALt2rpp" type="nodeFlux"/>
            <flux fluxValue="0.094532" id="R_VALtex" type="nodeFlux"/>
            <flux fluxValue="-0.19231" id="R_XANtex" type="nodeFlux"/>
            <flux fluxValue="-0.19231" id="R_XANtpp" type="nodeFlux"/>
            <flux fluxValue="0.00070542" id="R_ZN2tpp" type="nodeFlux"/>
            <flux fluxValue="0.00070542" id="R_Zn2tex" type="nodeFlux"/>
            <flux fluxValue="0.041302" id="R_Alanine1" type="nodeFlux"/>
            <flux fluxValue="0.030982" id="R_Alanine2" type="nodeFlux"/>
            <flux fluxValue="0.024102" id="R_Alanine3" type="nodeFlux"/>
            <flux fluxValue="0.018361" id="R_Alanine4" type="nodeFlux"/>
            <flux fluxValue="0.026425" id="R_Arginine1" type="nodeFlux"/>
            <flux fluxValue="0.025107" id="R_Arginine2" type="nodeFlux"/>
            <flux fluxValue="0.0066119" id="R_Arginine3" type="nodeFlux"/>
            <flux fluxValue="0.0039537" id="R_Arginine4" type="nodeFlux"/>
            <flux fluxValue="0.0026358" id="R_Arginine5" type="nodeFlux"/>
            <flux fluxValue="0.0013179" id="R_Arginine6" type="nodeFlux"/>
            <flux fluxValue="0.029619" id="R_Asparagine1" type="nodeFlux"/>
            <flux fluxValue="0.024236" id="R_Asparagine2" type="nodeFlux"/>
            <flux fluxValue="0.033931" id="R_Aspartate1" type="nodeFlux"/>
            <flux fluxValue="0.019925" id="R_Aspartate2" type="nodeFlux"/>
            <flux fluxValue="0.011258" id="R_Cysteine1" type="nodeFlux"/>
            <flux fluxValue="0.009203" id="R_Cysteine2" type="nodeFlux"/>
            <flux fluxValue="0.040565" id="R_Glutamate1" type="nodeFlux"/>
            <flux fluxValue="0.018227" id="R_Glutamate2" type="nodeFlux"/>
            <flux fluxValue="0.038219" id="R_Glutamine1" type="nodeFlux"/>
            <flux fluxValue="0.020573" id="R_Glutamine2" type="nodeFlux"/>
            <flux fluxValue="0.054727" id="R_Glycine1" type="nodeFlux"/>
            <flux fluxValue="0.046529" id="R_Glycine2" type="nodeFlux"/>
            <flux fluxValue="0.020528" id="R_Glycine3" type="nodeFlux"/>
            <flux fluxValue="0.015055" id="R_Glycine4" type="nodeFlux"/>
            <flux fluxValue="0.012062" id="R_Histadine1" type="nodeFlux"/>
            <flux fluxValue="0.0090913" id="R_Histadine2" type="nodeFlux"/>
            <flux fluxValue="0.033104" id="R_Isoleucine1" type="nodeFlux"/>
            <flux fluxValue="0.027252" id="R_Isoleucine2" type="nodeFlux"/>
            <flux fluxValue="0.0045345" id="R_Isoleucine3" type="nodeFlux"/>
            <flux fluxValue="0.050326" id="R_Leucine1" type="nodeFlux"/>
            <flux fluxValue="0.01309" id="R_Leucine2" type="nodeFlux"/>
            <flux fluxValue="0.01309" id="R_Leucine3" type="nodeFlux"/>
            <flux fluxValue="0.010074" id="R_Leucine4" type="nodeFlux"/>
            <flux fluxValue="0.010074" id="R_Leucine5" type="nodeFlux"/>
            <flux fluxValue="0.0040207" id="R_Leucine6" type="nodeFlux"/>
            <flux fluxValue="0.059038" id="R_Lysine1" type="nodeFlux"/>
            <flux fluxValue="0.017624" id="R_Lysine2" type="nodeFlux"/>
            <flux fluxValue="0.034333" id="R_Methionine" type="nodeFlux"/>
            <flux fluxValue="0.022404" id="R_Phenylalanine1" type="nodeFlux"/>
            <flux fluxValue="0.016887" id="R_Phenylalanine2" type="nodeFlux"/>
            <flux fluxValue="0.025688" id="R_Proline1" type="nodeFlux"/>
            <flux fluxValue="0.0093817" id="R_Proline2" type="nodeFlux"/>
            <flux fluxValue="0.0079075" id="R_Proline3" type="nodeFlux"/>
            <flux fluxValue="0.0059194" id="R_Proline4" type="nodeFlux"/>
            <flux fluxValue="0.013492" id="R_Serine1" type="nodeFlux"/>
            <flux fluxValue="0.0072373" id="R_Serine2" type="nodeFlux"/>
            <flux fluxValue="0.0072373" id="R_Serine3" type="nodeFlux"/>
            <flux fluxValue="0.0072373" id="R_Serine4" type="nodeFlux"/>
            <flux fluxValue="0.0072373" id="R_Serine5" type="nodeFlux"/>
            <flux fluxValue="0.0057854" id="R_Serine6" type="nodeFlux"/>
            <flux fluxValue="0.024929" id="R_Threonine1" type="nodeFlux"/>
            <flux fluxValue="0.015301" id="R_Threonine2" type="nodeFlux"/>
            <flux fluxValue="0.0096274" id="R_Threonine3" type="nodeFlux"/>
            <flux fluxValue="0.0073714" id="R_Threonine4" type="nodeFlux"/>
            <flux fluxValue="0.012688" id="R_Tryptophan1" type="nodeFlux"/>
            <flux fluxValue="0.017557" id="R_Tyrosine1" type="nodeFlux"/>
            <flux fluxValue="0.013246" id="R_Tyrosine2" type="nodeFlux"/>
            <flux fluxValue="0.03498" id="R_Valine1" type="nodeFlux"/>
            <flux fluxValue="0.024571" id="R_Valine2" type="nodeFlux"/>
            <flux fluxValue="0.020796" id="R_Valine3" type="nodeFlux"/>
            <flux fluxValue="0.014184" id="R_Valine4" type="nodeFlux"/>
            <flux fluxValue="0.00014944" id="R_EX_glyclt_LPAREN_e_RPAREN_" type="nodeFlux"/>
            <flux fluxValue="-5.6112" id="R_EX_o2_LPAREN_e_RPAREN_" type="nodeFlux"/>
            <flux fluxValue="20" id="R_ATPS4rpp" type="nodeFlux"/>
            <flux fluxValue="6.3668" id="R_EX_ac_LPAREN_e_RPAREN_" type="nodeFlux"/>
            <flux fluxValue="3.7745" id="R_EX_co2_LPAREN_e_RPAREN_" type="nodeFlux"/>
            <flux fluxValue="0.22337" id="R_Biomass" type="nodeFlux"/>
            <flux fluxValue="20" id="R_ATPM" type="nodeFlux"/>
         </listOfFluxes>
      </fluxDistribution>
   </listOfFluxDistributions>
</fluxDistributionCollection>