<?xml version="1.0" encoding="utf-8"?>
<fluxDistributionCollection>
   <listOfFluxDistributions>
      <fluxDistribution id="01_B_out_FBA_normal_LP" name="01_B_out_FBA_normal_LP" networkId="Koenig2013_demo">
         <listOfFluxes>
            <flux fluxValue="1" id="b1" type="nodeFlux"/>
            <flux fluxValue="1" id="b2" type="nodeFlux"/>
            <flux fluxValue="-9" id="v1" type="nodeFlux"/>
            <flux fluxValue="-10" id="v3" type="nodeFlux"/>
            <flux fluxValue="10" id="v4" type="nodeFlux"/>
            <flux fluxValue="-1" id="Ex_A_out" type="nodeFlux"/>
            <flux fluxValue="1" id="Ex_B_out" type="nodeFlux"/>
         </listOfFluxes>
      </fluxDistribution>
      <fluxDistribution id="02_B_out_FBA_min_Taxicab" name="02_B_out_FBA_min_Taxicab" networkId="Koenig2013_demo">
         <listOfFluxes>
            <flux fluxValue="1" id="b1" type="nodeFlux"/>
            <flux fluxValue="1" id="b2" type="nodeFlux"/>
            <flux fluxValue="1" id="v1" type="nodeFlux"/>
            <flux fluxValue="-1" id="Ex_A_out" type="nodeFlux"/>
            <flux fluxValue="1" id="Ex_B_out" type="nodeFlux"/>
         </listOfFluxes>
      </fluxDistribution>
      <fluxDistribution id="03_B_out_FBA_min_Euclidean" name="03_B_out_FBA_min_Euclidean" networkId="Koenig2013_demo">
         <listOfFluxes>
            <flux fluxValue="1" id="b1" type="nodeFlux"/>
            <flux fluxValue="1" id="b2" type="nodeFlux"/>
            <flux fluxValue="10" id="v1" type="nodeFlux"/>
            <flux fluxValue="1" id="v2" type="nodeFlux"/>
            <flux fluxValue="10" id="v3" type="nodeFlux"/>
            <flux fluxValue="-9" id="v4" type="nodeFlux"/>
            <flux fluxValue="-1" id="Ex_A_out" type="nodeFlux"/>
            <flux fluxValue="1" id="Ex_B_out" type="nodeFlux"/>
         </listOfFluxes>
      </fluxDistribution>
      <fluxDistribution id="04_B_out_C_out_FBA_min_Taxicab" name="04_B_out_C_out_FBA_min_Taxicab" networkId="Koenig2013_demo">
         <listOfFluxes>
            <flux fluxValue="1" id="b1" type="nodeFlux"/>
            <flux fluxValue="1" id="b2" type="nodeFlux"/>
            <flux fluxValue="1" id="v1" type="nodeFlux"/>
            <flux fluxValue="-1" id="Ex_A_out" type="nodeFlux"/>
            <flux fluxValue="1" id="Ex_B_out" type="nodeFlux"/>
         </listOfFluxes>
      </fluxDistribution>
   </listOfFluxDistributions>
</fluxDistributionCollection>